url,title,domain,seendate
https://news.google.com/rss/articles/CBMitgFBVV95cUxNZnJVaUhaYnZLZEVsR3BpUVRuVVB5TGVheGRySGl4SDB4UVNnSEVHN2pWSHdHV1dBODJwVDhCU3lqdGZXNzE3dVllNjNkWkhXaU5OUXh1SDRwZXh3M1dLd2oybGowbTBuRmhUdWx3V2xrbUpRR3hydF9meXk0dUhWVUJ6Zkw0Y0VkVDZwUzQ2REltZ29nbVpfVVAwb0hZdEdBQ3RNRWo5dlFZVWtnTWtGclNOREtId9IBvgFBVV95cUxPQnBJQVQ4SHBEX2lVWXBsSmRIMzJMSW83RS1HbXo1YkRzaHN1ZEt1OUtrTGIxX1FWN1Y2VDZEWS1scXZYT3BpbjYzdEU3ZllkcWZqcDdlR3pqNW0tNG05VnhWQUp0czdVdHlRMjNiMm5XNkFDanF6T04tQ2tNVm9oRlc3MmVrVmtjcG54dHR0OGZrdGt3LVg0WU5ZWl9JTzBCNGJsOU1fZkpWOUJOQzR5Q1N5Y1BFdk9GbC1KcVFB?oc=5,‘Fighting for this land': Protesters rally to save East Potomac Park - NBC4 Washington,NBC4 Washington,2026-10-04 22:20:35+00:00
https://news.google.com/rss/articles/CBMizgFBVV95cUxQenN2RWZ6Ri1wOEk3T3B5YWp1SUVqVlI2WTVhd3lLU0Q5V0I0dUtNaEhOXy05OXQzVk5rRDhneWFCSDA2Z3gxeWtpTUl5THdtNkY4eUxRQkV3MkFPek5rYi1MRXZYcHpTRTBPZ28zVWNjMlFHTjExRzRQbTJES2JjM3YyMk9wSHBqTWlSb0dNbngxVzhDRFJQYV9ObllOb1BXS3ctekx2RE1KTVhfWW5wT1hQRmNSTjVPZjc3RDNicVVBZk1ZdmZ6U3N0WWxmQQ?oc=5,‘America’s national parks are not for sale’: Cyclists rally at Hains Point over proposed golf course changes - WTOP News,WTOP News,2026-08-29 07:00:00+00:00
https://news.google.com/rss/articles/CBMi1AFBVV95cUxQbENETXctYVFFcjY3cVUyZEY2RjdkLW1Nai00Z2FSck9CVGp2dVI5ZE9FOVVoeE81akZVTlpRUk9LemVQNUZtYXZOLU5MaVJVY0pMRnVNRHpzLVZCN3A5LTV6M2dFNjY1anh4ZWJkalpFYWk1cUJKLXFKdktDdF9YV0FVb2JBeThFd3lsaV9pYTk2SUJfMENPSm01YjVrY3h1YzVRVUNTdG5qSC15dmFPVEJxc1ladXg1bEFSRXhDd1NhMk5hZkFKQlJnTm42TmgxQmF2Qg?oc=5,The Canoeist Trump Accused of Vandalizing the Reflecting Pool Will Headline a Protest at Hains Point - Washingtonian,Washingtonian,2026-09-29 23:51:34+00:00
https://news.google.com/rss/articles/CBMicEFVX3lxTE12VldGeHV2VGcwTUx2VnVYaC1fdHdxOWdWcDh1STBZX1hnVTNQMkRzRkhnRzRmTmlMNGRoZTRuT3dwRzlMSHlNcGM2SVQ1QXFTZXNwWHgxVEFVcU1ZdUxZcGF4QTRRWjJvMzdfM0ZXNnI?oc=5,"Beyer, Bike Advocates Press for Answers on East Potomac Park Overhaul - City Cast DC",City Cast DC,2026-09-24 21:37:38+00:00
https://news.google.com/rss/articles/CBMiqAFBVV95cUxOVDFuYngyRzBCQk93d25LVmtBcWFxbXJjMEphNkZ6QzZrZ1Zlalo3WnNhRklXT1FORS0xT1Zfc0NRM2dLdjlPcDNjYWpTVlo3N0s4RDdvT3RwSHNmbGxNMUxaLWRVUERzNWM5cV9fd2w0UXRkdkZtdXhfZEZSTURIQkktUXNNUkl1SDRaWDJoRi1WNG0tXzU4ak56WDhSanM1ODlZQnlDQnfSAbABQVVfeXFMT0t2bi1ERzM5RDBxTjZ5a21wVVg4MDduVWdfcFVLZmFYOWE2ZGtOSVZla1ZjaENsUURWZUtsN1paNGd4ZGFGa09yOThia0xNOTNOM25GcnQ4MVoyMmlPekdjVEpGelRMTHlhNlYwWmh2OHY1ZmZfeW1JeDlhSjV6U1pBeE8wZ1g0RFV6RXNqc2xlVGw3WXVUTk9fMUdwRkszYTJWcVlxLWZQQm5haFZDcW0?oc=5,Cyclists rally to save Hains Point in East Potomac Park - NBC4 Washington,NBC4 Washington,2026-08-29 07:00:00+00:00
https://news.google.com/rss/articles/CBMi9gFBVV95cUxQcF9wemM1TGdJOUhfZFp4c21sc2s2ZU4yZkZ0TzVaLUdQdmNIN2taSjZJN0ZJQXZtejNULU5hNGRDM1VBRG9PQzlIdXRnXzhxQWM0ejBvdjJIN1E0c1VDRjVwRmdwemZ0clBCZUtzRVJCVW5VeFpEMlNodVNQVW1aV1ZJb2s5OXNYanU3am1XMFJfMURLZHV1OWRtZzAwcXpBZkYzTUszcDNGLXA4QUg0OWg4RFVJdXhGUkYzY1pzYWRUWndVSDg0NTRxNWh6VTA4RThnTmZ2U1IxbEMxQ1JXT19EM3BMTFF5UHdXRmtKQ1FsRWxhYUE?oc=5,'This place is sacred' | Runners warn East Potomac Park redevelopment could impact iconic DC race routes - WUSA9,WUSA9,2026-07-30 07:00:00+00:00
https://news.google.com/rss/articles/CBMiswFBVV95cUxNQ1Qxay1SelJ4SHRMMWN5UlpENzNZRks2Y2I4d2NNNTVhUDRBUHE3MXZDaXNJdHdmUnR3V0F2eVFYaHZVZG42SXhaWUQtZmZyRkR5Z3RCMGt0R3JDRkRpdWZNSmV3ZWZib0JHZzFjM1kzTVMzRHkxek9JSGhUOWtQX2x6clpGRWJvMWZJbkpjSm91TTVNV25OVnZnMUVRaEFINURtTkNCZWlfeVBZOEFOOEd5bw?oc=5,Press Release: Don Beyer Criticizes Work at East Potomac Park After Site Visit - Quiver Quantitative,Quiver Quantitative,2026-09-24 22:22:00+00:00
https://news.google.com/rss/articles/CBMilwFBVV95cUxNUGFqUldhR2wtN2I1bmxpME45OEgwWGxRclV2d0Rkc1JhZmpGNWUxYlI3Q2NCVjRiVUc1Q1V4MTRLSm9VNENjRzl5MFQzRVNuOTV2UjN1UnRaNHczN2drbF9tc1pYaTRMUmxyYU51OUk2ZFBaaUdHQnU1UnlHYzZVTWFsZmpJUnllVnhMeXVYckc4cFNSUTc40gGcAUFVX3lxTE5mWDRCUFkzbnVrbFl1eHZHWF8wUDh2eENtN3EySmFhd2w5dlkyVThsOVdNbklESWt6T3JDNmJJeUlXbmxJQjBCSWZrd3ljRGRvUjJTVUdNYV9DeDdsODZFbTlBNGpqZ3pUelNoMGJWZFFmcFN3RndBeUZCS2lwa3RrSE5sV084Unh2NmQtRTRtWkVnNGJLLVZnekFJZg?oc=5,Reaction: Judge weighs in on East Potomac Park - DC News Now,DC News Now,2026-09-05 07:00:00+00:00
https://news.google.com/rss/articles/CBMiwAFBVV95cUxOTEN4M19HczBDaGtuOHpiVHRzNGlCb3VhX2tQVXJ5OE96bmtHUnFkUV9jbXVaaHhSNzBpTEQzQjRBVnJrYmc3SEJWVC1WbnNmNmNxd0ZlOW00cTlQMGhGTXlUWUxFRWMwaFh3R1NwNDBOM0wxMVM3YUpMank2T083d3Q1T2VVYTltVXJWRnQxc1RhNy0xYzZSY0swTDRuci1UNzJidDc5dFBNcm5FZzFMZFNOREkzeWtOUTA3X0pRekg?oc=5,East Potomac Park Golf Course - chronicleonline.com,chronicleonline.com,2026-09-15 07:00:00+00:00
https://news.google.com/rss/articles/CBMilAJBVV95cUxPMnl2N041Y3FrMXJseTlZeXpXOEk3akRsdklRQmJGRGM3SGljb1BtNEVfUDdpLU1pUTJfRVh4eTdqUFJZRnZGNzUtNXZtOWdkSzV1OUZYLVNpYXV6TEVLNVBzcXh5eXF2SmVsUnF3RW1sTDZrYjNibUpBOHVSYzdZMGtIeldIU0RQR1dkVkJDemMwZ1Q4TU84LVlRQUJkNDJMV0wwbUZIcWdaVXBuZWN0YjBYd3pMalhnSGxwNjNGeEJDNTNqdzRFSXRFM1g4Ykc5ZklRbGlyVlZkZnNVbUtab055bm9hdU9aaE02S1RZMG56MUdCUC1ublBxYTNXcE9OcEYwdWJBMzZfcS1Ia2dIOGItOVk?oc=5,Park Service quietly awards contracts to work on Trump’s takeover of East Potomac golf course - Bozeman Daily Chronicle,Bozeman Daily Chronicle,2026-09-16 07:00:00+00:00
https://news.google.com/rss/articles/CBMimAFBVV95cUxNTHVvSWVGRzJUWjMzRFhzNENoUnZpYVpJeDRUR3V3NDFYY2RzTG1OS3J3RlVIcWtUNVFrLVZhdk5RMzNKVXpoZVNOY01seVpDdUtpVmtRN1J3R3Q3b1V6TDJwamRBWF9kOWpVOVJwR05NUGNiN0JPV0FrX2ZBNVVRbi1UcE8zdVBFb1ltcmpwbjFCTkpsanJzSg?oc=5,East Potomac Park Golf Course - Springfield News-Sun,Springfield News-Sun,2026-09-07 13:24:31+00:00
https://news.google.com/rss/articles/CBMi4AFBVV95cUxQQ091anBYUkh3TXNqNHZScGlvbTRFQlFVMjJ1ck1MLXRLcldZREJPTVloREdyRk5hWmthUW9HNEpueTZfc3NCVUNmaUFXSXdQMnZTM2VaNXZWRVQwRi1IaFc3ZGZoRGxmQTlaNzVkVlEzWUhkdE9sbUQzcXI4TFZaa1lqZFkzay1DQWtxNnlkOXVyZUFaRWJHYThDaWpIUENBa3ZuTzktS0MwWVNMU0NWUHU5UkUxb0pRRFI3NjBubi1mRHpDZ054cFlNY3V4ZVpkZWRIdHNST0kxeVlJV1RXSQ?oc=5,Hundreds protest Trump’s East Potomac Park renovation plans - WUSA9,WUSA9,2026-08-29 07:00:00+00:00
https://news.google.com/rss/articles/CBMixgFBVV95cUxOS1hLVmQwSE0wWkNRMWtIWE5IRjliOE11Sm81SnlzNm50RXlvRTYzeV8yblBBUVNhd0piRFpGX21IVHVrOWo5dUdnWHpSUUNVUWNyMFZzUzZ2RGlhU0RUREdEdUlNcVNYNno0cDg2TVI5TEpjeGp3M3JiWEpFY2o4N1NVRlluRUx1R0JSeW02S3F2eE5HenhqVUx6OFlNUlRWT3JsckY3TWN2QXJVR3NVQm5QTS11dmZlRmMzLU01eElmcUFsZXfSAcsBQVVfeXFMUHQ3RlFZZENycWtCRGt3Qnh1bDJYeFQzZ043TE1ZS2FkVHhkaEFGLXlfMDQ0UWFQbklBRFF1MkVpXzk2ZnVLSzY4SUpTMEFmR2p6Z1dadFd2cU5aRmU4b3BXX3FsS0Q5VmJwOTFEQnlmRk5kalEzT3BGdGFJSFN0cW84SzhxZUR4Q29qb0hrbVhZX20ydlRfZ3E2SWhuYk02UXY5STVDZFl4eVUyVy1fWERJNjEzUHA2b2xrcjVHSFc1RHZkU1dkWDlhNHc?oc=5,Government sheds more light on work at East Potomac Park - DC News Now,DC News Now,2026-09-03 07:00:00+00:00
https://news.google.com/rss/articles/CBMitgFBVV95cUxQelVCVUNLY3hxZ3RleFRkcG85UDFCelFlZm5tWHVzei1uY2hCZWZnSEZqNmNCSTRKTlVOa2lJSk1USkhqcG9WbjYwaDZLSWp3Wi1YbWk4Zy1OUW1LRmZyS1FRSS1raURQblJONEhIalhiLVJzM3g4aWItMG1FM1poMk1fMDBnOExlQVk4Qjlzb2NVcEx1dVpSOVZiZzNZXzJYOWwtYTlSYjloN1RTNWpjazA5b01Zd9IBvgFBVV95cUxONEtJdTVxbzZETG0xOUNGMUpZS1Z6RHlHOGQzODUtb1ZjWnRIWXpMWElRakJYZXBWVTVNazZZbjgxSThYLUJ4OGk0dnRpek1fRkRtbXh6OVdFYTBnUExoQlFoSzdscmhWanJ5VlFIcHJOYUhRS2FlVE5WOTdrTHNSeHQ3YmoyM2xoTmNlek9leFdWM0EyeTRSM215U2ZldlFSbmItMEtOdDIzUDdmWk9PcW4zUHBzdVZKUV9yMmhR?oc=5,Cyclists protest Trump plan to renovate East Potomac Park into championship golf course - NBC4 Washington,NBC4 Washington,2026-07-18 07:00:00+00:00
https://news.google.com/rss/articles/CBMi_AFBVV95cUxQNzdoaXZvcEY5eGFSVFE0R2pZbkM4dUQxLXVjZWo5UW5TYmZXSXVfOEM2bEQ0Q0JkUFlHd1RqakhwN2xNZzA3eTh5aWFwZEJNNTJSektrV3RrQVA5TzJWNm5TbEt1aEtrbXdFdGM3ZnZjaFVBUkM2aXBtWGlabzlrTXExV2xRZ3FiMmx0RFFTYTVRNzh2R3I2ZnRoVzc2dzU2MlZTSFFGYkEwLW81QlBvNkFlN09VU3g1b21mNGRMbkExZXRpcHRFak5PZUxYYjh3Skh2T2huTGxxdFVyakRFZ0tnV21URnBQdnFPYUxVMlp6UzFpbDZiMEFpZWc?oc=5,Runners express concern that East Potomac Park redevelopment could impact iconic DC race routes - WUSA9,WUSA9,2026-07-30 07:00:00+00:00
https://news.google.com/rss/articles/CBMipAFBVV95cUxQQXhyblVsWHhZR2cwNXlZeGZPcnFScU1PYzhoUy1NZjJNZ0U2UkdrVHBsaXdKOHlDTVE5MXpER1RDS01QdUp5VGIxYXpkakM0bFMtRmxldXJ4QzNkUnFhQm5rSS1IZXdOeFZzT0NYOGIyQmo0cUs5S0c2YnNVV2paM2hqZjVrbWFBekI5alo5TkdaR0pRVjlPN0gyNFUwNkM2NXpsNdIBrAFBVV95cUxOd2Frd2xSOTRla3Q2VERIOEtxaWE0SFdKaWgyamJQWDA0bjYxa3FaT05CTk9lR3pNQ1FRd1JTZFNBa0NUWjh0LWZiNkRkeU5FaExMWE02WlFnRFZKNkd3amZGaklnZ3ZhbFFrdFc2SHl0czBwMnVZNl83S3l0TDItazNXZXNPd0N5SVVBWko2VUVJUDZzNFdmLTZ4OF9Yb2ZXUjJVQnNWNV96RlBE?oc=5,Cyclists rally to save Hains Point in East Potomac Park - NBC4 Washington,NBC4 Washington,2026-08-29 07:00:00+00:00
https://news.google.com/rss/articles/CBMi7wFBVV95cUxPSmFnNkNaR1IwSzJFOF9FdUtUZTNIWWtCdTFxSnFQNklfeEhwUTZUWlZ5M1dwcW5SbDJQTlc3YTl4bnFIdlQ4bzdWTVlvbTJiSllPcDExb3p6eGJRX0tONldJVWVYaTJtNi1Tb1pNc3JlSVRyZllOQVpHNHZsUWVOelFHNVprWlhzRU41dDRmV3B0bFpJeGhybDdFNGN0bGx3MS1QYzhJd1hlQkNzNDlVQS1TVnRRa1FQZ2t4dHFoRDN6MHlZdktWaUQwcDY2SWlSalBXZkpJMGE0aW5FandZaGJiQXZzcXNsTGluVXN2NA?oc=5,150 trees cut down so far at East Potomac Park as Trump Administration defends work at the golf course - WUSA9,WUSA9,2026-09-03 07:00:00+00:00
https://news.google.com/rss/articles/CBMi5gFBVV95cUxOVWYweVZ2UGVLUExpdnpJdklsa1QyTnBmMkhKVVZMbEpZVnN1UzIwUTVOSkdxS1QtX2h4aHl0ekVXMzZsbEdONXBwZXNCblJNYVRZRjQ4ei00ZDhhb2J2RWdQV0VweFJFLW1KSTkxR2lxbEJWNDBxVG5DeVl0aFNacTBvWWY1UW1peTA5LTFRVkp0eHhCV1pGNzI5SFUyb2dPWnlQOHlPQlJ6aV9zMWRacWd4UHRTUE1mS3BwbEVVbWhkTGUxbE5qVE5CMWw5TXNfUENobGxoVVVZaHpNZWNVQTBiclBfZw?oc=5,"Hains Point loop future unclear, a concern to runners across the DMV - WUSA9",WUSA9,2026-06-03 07:00:00+00:00
https://news.google.com/rss/articles/CBMitwFBVV95cUxQN2FoU08wNHBjWUdMMEZxVHZTeDRYaWFINFQwbTNUMjJoR2h6RkhRTG85YTN3V1k5LVY3TTRmbFpjUGd5azVmeTJseTNCZmx0Yk9nQTJlTnVxV0xZS0ZOTG1GWk9yWEZqYlMtcE1hSG9KZC1PNndIZFNoZ1JJUHRMQklJYXNpRHpYMm5rRkdsb3Z1RHNDb2NhMUNoVE9vWTg3Q2xKcHVBbVo5Z3I3MmxrUGh4eTQ3T1U?oc=5,‘The best place to cycle in the whole city’: Blind riders fear changes at Hains Point - WTOP News,WTOP News,2026-09-01 07:00:00+00:00
https://news.google.com/rss/articles/CBMisAFBVV95cUxPVmZmcDVZWk1YSHJmOFVJbk5QZnpGeFNkNVZ6TEw5R19wMGd6eFo1dmxpOFQ3OTQtNUlSeURMQXRCYTdJOVRoVmZabTRhZy1rYW9qaXRWNVNIN3dmVDFNTXVBUGZhdGs1d3prRXBKdWdXTG9ickpfeU0wUUpLTVZwbmcwYjFaQzJzZlhLRmFYb21PQ1dhZTRHbjdIRllFZ0wwQ0FKV25HeE9PbkxMUUl2TtIBuAFBVV95cUxNTkN1QXhsbFBPellZZzBORU1RcGttb0FLZ29tb19VRFgyWDVPeExGRThFNzJ5Qmt5anlsN2xkbXpJaU5oZE5hRWxYVUZxSUNqc0dkazR4WUNpNEVZUlFjY3l1S2dSLTRIT25QSzNTWHlBZTVzRUpXSG8wY2FCcmxZR3BCR051aG9aRm9BUHlsN0tURDNnZ1RObWdYTnY4S2tnbWVMbTRpMDZlanNaWmJXYXJCMDE5WXVP?oc=5,DC cycling community protests plans to renovate East Potomac Park - NBC4 Washington,NBC4 Washington,2026-07-18 07:00:00+00:00
https://news.google.com/rss/articles/CBMiwgFBVV95cUxOQlM0azBrMHN2OU5RWDZZWUU4Y2hlaTBpY3NJUUlQV0dTc2Vwb3FCRjFlNDNGOW5zcnRJcUJZNlFhaFZucHpZMHhITmZObjgtSXBNT3RXdlZpNElhM3M4dFRwVzF5anBEWTE0d2tIUlFfZlE0blBNdDUtZjBKMWE4b01xVjhRYVA5Vm1zSkFlekNPb1ZPZG54WWktb2w3dHdSRllUc2xBV0NJZmhHUWdJSENqM3JBODhwMXJzamNPREkyZ9IBygFBVV95cUxPb1BzVmhLRnYxdGtFVGNGeXp2LVA3VlJyVEFmQ2ktZHJ5clNqNVNEZFpEM1lPcFJFOVowbXY1UzVUT0pMc0p3TkZGWm1kbTE2dU8zRGowYi1oYjB0aDBmZ01NWDVFX1E4TjIzYmpvUURiOHpvU0xpUjB1dDlNNk10aERpUUYyaDMtdExsSmNyTmtnM0Q2YXJ0czh3VXhJdjY5cG13UFJteXluVzE5MEdxMEs3dUpka3FPVXlERUxqU0xaekt1T25fcWxR?oc=5,East Potomac Park: Judge allows continued tree work by Trump administration - NBC4 Washington,NBC4 Washington,2026-09-03 07:00:00+00:00
https://news.google.com/rss/articles/CBMijgFBVV95cUxONHlhNWtzRTQ0UVAyenlYeU1xa2pqZjRCbWx3OFJNeVBPTnZOQWhrbFZTb3M5S2d1YjFnREdfRUVncjlaQ1BjdEp2YVlOQ2k0WTdvbkFvTC1OcHkxSHRTejVrTGhabzJvQ2pPaFZTcHZqWklCdm5qMUhCbXRmUGtvbjBhMzN0RzRsUDdPMkNn?oc=5,"""Hands Off Hains"" is D.C.'s newest resistance merch - Axios",Axios,2026-09-08 07:00:00+00:00
https://news.google.com/rss/articles/CBMi1gFBVV95cUxPaE50WVdMY09MUWFvRjNYX0hYTDhGVDNFMm5CYVlfd3FqYllhTTFDM0ptQlV1U0dBaW55SHZzLWhyMFZJY2V4MmxJRFg0SElQMl9qNW5FN2FnOUNwX1Z0S05ZNVJwUmpvR0QzeVRfT2xRZlBaaVZERXJqSU8xTDc2ekh1Zm8xUFA0N3d5aXJqTE5CZ1J3d2hTN2NKWGtyUkJIeFpKYUh3Ukp2NEZzRzZUUHVnZU1Rc0ZiQ2cxejh3ZFdlVXZ5OThqd2o2UnYxMHRzSXZBZVhn?oc=5,150 trees cut down so far at East Potomac Park - WUSA9,WUSA9,2026-09-03 07:00:00+00:00
https://news.google.com/rss/articles/CBMi5gFBVV95cUxPdnlRWm5lMXRIdkdlTG9FR0tVTFBvM0VISG5tRUVlRTB3TUhpcmRfR3Z5cjNfcEtYaW8teDU1Uk5FY3RVVkNIeGFzSHZlUVFiMTNXaElWWnhZUzZCbC1ST0RYLTdlOVBqaDY4cEFqT3RxU0JYYk9jVEFSUDBfUWR1SFU3QVlKNG12X3hraFp6UnYzRG56U0ZldTJYT2ZXTWwzT2NzdzhYdHFSd3BWcjAyWGZmUXptS1lyT0pOd2VGUkc0TjZfYXNDQzNaTDBvNnRMZlpoNWZYVTVpd2R0djVkUGRMTzY3dw?oc=5,Hundreds protest Trump’s East Potomac Park renovation plans - WUSA9,WUSA9,2026-08-29 07:00:00+00:00
https://news.google.com/rss/articles/CBMihwFBVV95cUxPOXZDZkxPZUt4aDJ5aENHeFRZWFJpc0lHV3RSdklqUzBMLWpiaGNYeXpWbVFqdXlBS2tabU5qOEZVOUhxU0xuenRMQW94U2M3LWxaZ0Rzbi10RHI2cmlxUTFYMXlfNEMtZzI2NktoQlktYWdxcG9VaUxUOEJUVUg1Z3RNNThqMkk?oc=5,Cyclists rally at Hains Point in East Potomac Park - Yahoo,Yahoo,2026-08-30 07:00:00+00:00
https://news.google.com/rss/articles/CBMiqAJBVV95cUxPcm1zYS1HMi1Hci1MdEVWbm1qOGRDQ1gweHV1Z2FGN09xLUFUWC1hcDJSSmpLUU1EYXlLMlJVcE51b3l2bmZ5ZVZkMkVtZzRNX3lDa0d2VTVqYXJBY0hIclQ1NTdGZVIzYVFZcGpQWm5fUG9wQkJXTVp3dk12SjdfcVd5c3p0b3JObXJaSWctUXBhWjY3QWZZZVBKYlcyZ1VGMDU2dEtUWE93TWxCZTZXYU1maGE1X2NWVGVZWnJCNDFweU1wMDJsZGNNaG9XRVpQMzZJSmdGa18yaFJCT1dLQ09aU1ZYR1RHTExieS1QUW9POWJnSjJ5RkZ3ZlZYSUVzVTltNzllYXJsU3lFMy1Td2xvZjQzTUxrVkdZNy14QmU4YnBIUVVWVQ?oc=5,"Legal Challenge Brought Against Effort by Trump-Vance Administration to Stymie Public Access to East Potomac Park, Create Exclusive Golf Course for President - Democracy Defenders Fund",Democracy Defenders Fund,2026-07-20 22:29:20+00:00
https://news.google.com/rss/articles/CBMipgFBVV95cUxOelMzcnRvQ2d1Y0xKQ1ZNT1V4eWJIOGNTYWVOc2dYZkhPbnFZLXRKYVZpQmd0cTk0S19rcXNEQzhIVjQ2aFlJYnJYSk5LLXFCWUxCUFhCSUx0ZXM2VFZ4SlJHN0laSm5ZN0xudGItYnhyQmZnUk1zdE05RGVBMTFjM0tMWVBySEd2VEppQ0RhTGM0aGhkNDNvUC1VRHU1ekp1ajZLS19B?oc=5,Congress Demands Trump Preserve East Potomac Park Golf Courses - Sportico.com,Sportico.com,2026-08-03 07:00:00+00:00
https://news.google.com/rss/articles/CBMirwFBVV95cUxPalItUGFOYTFMRGozZ3d2TG9GSXRCNWl0amV1azBpZ1ZnT1MwQjFuOFRhaEoxVkhldzgxd2x0LUhYQlRwam1nRXlPdjJUY1lwTXpfWWcyTzZOa2k3Q25ENmNsWE1tOXJJZlg5QXAySS1kWW1mSjFZdzB1SFBnNDNEX2lzcnhBZmZSSTMzV0NIZmFaUE1laGZkVDVaS0Rvbm9uc3JDbTgxdUt6eHRFb044?oc=5,Cyclists protest Trump’s proposed overhaul of East Potomac Park | CNN Politics - CNN,CNN,2026-08-29 07:00:00+00:00
https://news.google.com/rss/articles/CBMiugFBVV95cUxPRkNMa213QjFNd0JXUEQ5NUxOdl9ySG8tcGt3NnpZN0o0TUc2NlpUVjVRb1RWSkxpb0NyLVRvakc2VHJaOXhUa1FpYU9XdUstcHkzNFVMbkVKekh4RWFZRjFSamZCazRBWGk2VU9wdGxvQkhKMXNDazB5dXprNjdHc2xHMEZHbkxHUm5DN0lLNmVIbS0wX0RsYzQtQVQ5U3ZWUFNyX2N0ZnN3TU03X3ZURnVTSlk4T2tKNVE?oc=5,"Bikers, runners concerned about East Potomac Park's trail amid Trump's golf course plans - WJLA",WJLA,2026-07-20 07:00:00+00:00
https://news.google.com/rss/articles/CBMisAFBVV95cUxOZ3l3V050MWpwamQ3Zy1Ja1c5OFRjbk52N1YtSkRHU25IX3NQMVc4UUQtLTZtUWloaDRDX3lla0xUUEg4RUs5U0ZaQ3lzenlReWp2LUxTZHVld09tU09QUGc3dXFONVZETGlMb1ZISUo0YzRJX2x0dlYxeHdLd3hSd09YbnNtNlFiRnhsRXhuaHhVN2xDdl9NSy1UVUxYeUNKMzZxZmhlaWJTdzB5Ry0tMA?oc=5,Lawmakers say White House demolition debris at East Potomac Park poses health risk - WTOP News,WTOP News,2026-06-26 07:00:00+00:00
https://news.google.com/rss/articles/CBMilwJBVV95cUxNNmVxYVY0SndlUmlyQmhyS1VpckhEMUNhdC01TEpnZDBnWjd0V3VDaU11REdJRjZTbnk0S19VNlJVek04UWhoYjB4YnB5WDhWdUZqaXlDU2FHT01OQVZNNEJTS3JiSVNrdG1sWnB2alVQLWNEUlR1dVlUNlp2ZDZtdWYwUy02Z2JVSHJ4TTRFNXpnSjJPM1F0cG42V3hlYlZxeV9BM0VXN1JuQ0dnaVl6R1NqZWp2cWFJMFVLeVdFcXJfSnQwODU1U1UzeHhGcy1jcXh3V2hjc1hmRFppRXZaREpaUlo5RXd3V3M1UEo4MXo2VlVmckJLaklsbDFhZ1YzU2djVTN2b2Q2VWlObHgyeXFzeVZhVHM?oc=5,Park Service quietly awards contracts to work on Trump’s takeover of East Potomac golf course - New Castle News,New Castle News,2026-09-16 07:00:00+00:00
https://news.google.com/rss/articles/CBMinwFBVV95cUxNaHk3STIzX2I5X1BKY3hVbEFNM2lzb2tkRDMtT0xSSC1QeFh6b2Z6dmdHTk15LXJVWUllODEyYjlVbUpmZ1VXZEdMSUhES29FSVZwdHhWWEZVOGwzNnBpN2wyQVducUxjUUZrVmtBTEtNNWd0ZGVuV1dQcU9naGtDVWI3bVlsR1V1MkN3RGJ6MEZadW8wbGlMZEtqdV9DOUE?oc=5,Park Service quietly awards contracts to work on Trump’s takeover of East Potomac golf course - chron.com,chron.com,2026-09-17 05:05:24+00:00
https://news.google.com/rss/articles/CBMi_wFBVV95cUxNTnBwcVdwLTRmeC1SV3h4bVhYNW1wbmYyQm5LUC1KQW5vckhnNDVtSm5XN3BOMlJfSXhYWDl1YTNfSGw4S3ZjeGkyM1lSZnVPdHVpZDA2LXNWdFY2OEJzTkYxdXVpeXF6eHQtVm0ySDY0QTZYa29Da2hPWnQzSVNPendpSHZvSEhWMW13UkVSQ1RyeXZtZzV2Mlh1bHhxT2ZRM3BJOFZ0dHBhQW1WYU5JVTdtUXNfbXQyTVB6SC15V094S2dCNWRpenNsaVZick11QUEzMWMxcUV5WnpSMXQ3QXNrWnNvTzAwdnVPbVRJZU1XSnBZWDRvVEc5V2ZfaTQ?oc=5,Questions mount over the future of a running and cycling route in Hains Point - WUSA9,WUSA9,2026-06-03 07:00:00+00:00
https://news.google.com/rss/articles/CBMiqAFBVV95cUxQeThEbHJsSGtRZWtKTjV3NTBXNkhJUmpmS1d3c192YTFhbGVCc1hOSjA3b2ZnSzJyb1lTQ1VmYkpXWTA3VTduWkV3RTd5cXJmRjJuYV9JbVJMc0RFbm9uMzdxaDRMNWdzZ1hFSUlxMUQ2TFQxQThIbU9ZNHlwbVpYbmxvUHBTMGktbURocGpBNS1nN0dfSVdRMlNHcW45Yzg0djNKaU9qLXk?oc=5,East Potomac Park’s renovation tests Trump’s role as steward - washingtontimes.com,washingtontimes.com,2026-08-11 07:00:00+00:00
https://news.google.com/rss/articles/CBMinAFBVV95cUxQUzlrRERiQnh1c0hzd0EwV00xX29BQW1GWGVBcHNScTVpc21VWjgzLURXLVBXNEYwZ3gteFhzb21NZlVSdDRUbk1vME9tRktRaTdGTmZUcTJqM0JEZXpLS0xmbzlPcTR3a19USndrNTY2VDFRSnZjUWlGazR5YnhlZFlUNVZNNUhOd1dCbXpMZ2FwYnFRZS1pMzR6eEk?oc=5,Fight over East Potomac golf course heats up - Axios,Axios,2026-05-04 07:00:00+00:00
https://news.google.com/rss/articles/CBMirwFBVV95cUxPR05jQV9QcUhLN3UtUmNqVXBZbF9PZXNEN0NOZS1BWG5WbEFNR3BWZ2tIR1lWWVo4eVR4SkFrbnZRSndpaFd2cWpGSzRFekgwbGRPREdiYjdHVW1QNF93NUFMdlV3enJOamFKOS1jX0dzSFNmaDZuNDZMT2hzTDlWd0U1THZhY29McDZna2IxTFU5end6bkpiRWdibGYwMU14SlRFVXFva01xaGJfdkk0?oc=5,5 rescued from boat fire at DC's Hains Point - WUSA9,WUSA9,2026-06-18 07:00:00+00:00
https://news.google.com/rss/articles/CBMiiwFBVV95cUxNeXVaM3BnR3diNU5QNFZsRUFuYnBycXVvZW93dG00T1hraXowWUluVUt3dmkwY2JKNlpXLVd6bklVR1pENE1oSlQxMWphTXZNTEVFRUc4Z3NFUnZ5bEpTNGVsQ2duT1Z2OGJraEg4TGQzOTA4Tnk1US1jZmQ0aUc4VHY4Wll4QkZtSFlF?oc=5,Reaction: Judge weighs in on East Potomac Park - Yahoo,Yahoo,2026-09-04 07:00:00+00:00
https://news.google.com/rss/articles/CBMinwFBVV95cUxNajlPY1UxSEVfdHp6OEZ3NGhFSzZGY1daZi1CQy1ub3k3Z3Q2dk0tVWdyRVBxblhBVEc4QzdHMGszWDF0UVQwbDQwYkxVcU1DS2tWSlRRM0VmUEp5cGw4TmUxUFVfbERNWHp4MDZiclJXaWEzSm14bjFSUnd2X2E0RnUzUTVWdjJmY3RGcEVSajlBVHZleXJEazZ4YjlBeVU?oc=5,Viewpoint: What D.C. will lose when Trump takes over East Potomac Park - The Business Journals,The Business Journals,2026-05-12 07:00:00+00:00
https://news.google.com/rss/articles/CBMioAFBVV95cUxPcURJNzg4VE1YV0FRcU5BQndpUG9KWEhmXzlwM2JSN2pNZjVycG9vamlCTVdsSjllc3RxVVlLeHZrcE94WW5aZTFjRFN3ekpMY0VCM0FGNTF3QmI0emt1TEdTMWRzM1hOUFFnU014TVdHbVFQWHYyU2xXZlB4MGk5cTctaElDR0F0aU5fNm5uVHl2SVh1U3ZCZ2tsZWJQSHgt?oc=5,Raskin asks for details and cost of East Potomac Park golf course changes - Washington Examiner,Washington Examiner,2026-07-30 07:00:00+00:00
https://news.google.com/rss/articles/CBMixwFBVV95cUxQS09nU2ZqeU1DWnA3cXRBdDN1bDRrOVBOV1NEWFN5Y29NYmV4bnhxNUhkVFVsX3lqOEhYYllad1JuZ0RvUnJPM3poa25YRm5UTHZVMVVROE9zaTZ5SUtMblBtQmg2MTUxTDY5aVpqa0N6aURZZGVtYkFpVWNLamVVcnJ1d0QtRldoazhJTE5rR3QyaVBfU28ydVRNV0dvWExsREtMYUk2MWdtaE8zbmRHY0RPdHhVMlRDbGFCaVlfa1FzVWcwcENN?oc=5,5 rescued from boat fire at DC's Hains Point - WUSA9,WUSA9,2026-06-18 07:00:00+00:00
https://news.google.com/rss/articles/CBMicEFVX3lxTFBSQ0NBNHJ0cWhDQnQxRDhCNDBhZWdlMDQ1aS1fN1p1RmxUM283ZHlpM1RxTThiem40QVBTUWk4T2dHUXR0LXZ5YnVYSE00ZmlfVGU5YnB5SDNneW9lOWREdXIzQmE5UEJsQ241SXV4cGc?oc=5,Trump administration moves to convert East Potomac Park into championship golf course - Межа. Новини України.,Межа. Новини України.,2026-07-18 07:00:00+00:00
https://news.google.com/rss/articles/CBMipAFBVV95cUxOc2wwSkttSHNhOXhVaDF6NzdDWThCUHRrUHUtTFo0aE82MjRuOTJXaDdDeUp0UktlbnpsWnNIQUN1YlpWZFZuSlNUV1huR05MYzdCU2lXZjNSYWFGaU9GSHNybkVxU1FiTmN0c2c4Y2s1OTRnemJHdFV4bzdlLU0wLWkySEI1SnpYa3hxVGxZUkRsX1FmTW5IWGdKeEt5RDhLSWdMeQ?oc=5,Park Service quietly awards contracts to work on Trump’s takeover of East Potomac golf course - The Independent,The Independent,2026-09-16 07:00:00+00:00
https://news.google.com/rss/articles/CBMi8wFBVV95cUxQckExS1dkUkhyZzk5US1idW9CQnRlRFhaZ1Z3YXRaSS1RcFhGWl8yYzJycHIycjgtZTVOcUl1N2pJMXdtbUU3Qm15bEdTS2ZUbzBYNWhoci1RbE92UEFiSnVWWHRReklDdTNvbjRwNi0zQ0hFLUxiczdBT3FuaDI5bV9TWmRVYWZvNEQ0dUxUejJUcG9ScktmQ1diaHNrMlJ0bkpzY2ZpSWZjNmtFajRfZEdvR2RTTkVsTGdQNHBkajBaR29MS0Q2eWpUM080bk1CRDdjdzNHWGFNOHA2VjRQQzNZMmhZd1FrenJaTFZTV3J5UXc?oc=5,"Press Release: Norton, Raskin, Beyer and Ivey Question Trump Administration’s East Potomac Park Redevelopment Plan - Quiver Quantitative",Quiver Quantitative,2026-08-31 07:00:00+00:00
https://news.google.com/rss/articles/CBMi4AFBVV95cUxOVFFwUDc0ZG15WHNKMzlpdjV6MEQ2UDUxSHBuTlRfNl8zNHFsVzNCeXdDc25YdE9GOExBZGRaSmJNWjJyT1diUDdQQktfbmlDVjBPd2hHVUY0VVJvQlJPaFhHNkpJMVMyLVBweU43Yktvejg2REtYLURGaWdHMHBVcEEzZF84V1NILUdOTEFmUlh6dktjdzFfMjlyX3VfeXF6VVZzanN4Tjl0MHFTY0NBeS1BeEFfcTJ5UmxMdWhkN2lKNThHdDB4VXIyYTBET3Z6d3JDTkNyMm9FX1Mxa1JoSQ?oc=5,Park Service quietly awards contracts to work on Trump’s takeover of East Potomac golf course - Click2Houston,Click2Houston,2026-09-16 07:00:00+00:00
https://news.google.com/rss/articles/CBMiwwFBVV95cUxPc1YwdGtvOHZKRmxiWTJDNjhseFYyQ055MUo5OF9uTTJFZW5SRDdJRFo2aTVTTDExanpvUHUzZXJXenhrd2hjVUtLVFk3NVF0MFM5VHdURURNNnVXaEZHUVdENHR3WjVQbWNDeXJ6c0Vkd3N4UFVjcG5uajRQWnRkaFRmOUdSSTNScHhkZWZ6Q05kcWIxN1U4X1ZqeklZYkQ3S1VKSjQtR1JpSHVTeEw4NEUySUhIaVdVUURlT3dpYlF1MG_SAcgBQVVfeXFMTkwzUk9oNlc5Q1NBdnV4QmlUTzFqZWlkS0RFSEFTT0pwSVFHQ0o0RUJhYURXdnBDVVYzSTlDQ1ZoTm1DM0xFTEZGV2xmR2dJWUdVbFBaRF9fVkF2enZEU0cta3BFUDdncU1fS09sREVzbFY5ak44WDd5S0hSTTMtTk1ub0F5Z2hSdFBCeGZmdzdjX1NwRE9ZT1Z0Y1JRMS1ZV2dTY1BhX19aTWZuVF95OU5CWkhvanNnd1U4eU1JeTJDb1hILXFhT3c?oc=5,Democratic lawmakers demand debris be removed from East Potomac Park - DC News Now,DC News Now,2026-06-26 07:00:00+00:00
https://news.google.com/rss/articles/CBMijwFBVV95cUxOY3hUdk4xYnRvLVhybmlJNmx2UGNpYkJ0TWlmbzdtaVpmR0JvV0F2NkJ3aG1PQjdWNHozSHBvcC1VMVphYjRqUnE1MHlDb19pMGhHZzZ2d0lSTGJBZFY4cXZDdlZreUwyVk50RGo3dHJfYWloQi1wRkxvUkFfSUVLb0ZsZlZiY19adE90R0lGQQ?oc=5,Government Sheds Light on Work happening at East Potomac Park - Yahoo,Yahoo,2026-09-03 07:00:00+00:00
https://news.google.com/rss/articles/CBMiggFBVV95cUxOSW5OLUdOeXlwN25JSG4yUHF6TjAwZjdBbUVidGxKUjlURElabFZzQkRwX01Ld0hjNE9nQTBWSlNjWlRhaTgzMk9iTGdjMmY0RGptX2RRSEZhTnVmQXVBZEZWUDQ4SFJhRzRGQTZESWVYcWZSTUZtRDhXWUhTUlUzQ2ln?oc=5,NPS cutting down trees at East Potomac Park - Yahoo,Yahoo,2026-08-28 07:00:00+00:00
https://news.google.com/rss/articles/CBMiqAFBVV95cUxOZG9JaU5QSFhVYzNVUjctMkVkem9uak96NlRGRjJTX3BuRkxBeE1RR29ON0pJLTlwdTZJZ2g1cm43dURoUkJpWDJqLWxFeDRlUnJrTzF6ZzN3dmp5eHRISkwxUm8ycHplV3BwQk1fQUJ4bU82LUVzOXdoRWdIcW1xNFRhY2tLeUxuNEdEeUVkTjJEYi1wajBYY29heGZFNWN2SFU3Q25sLUM?oc=5,New group fights Trump's upscale plans for East Potomac golf course - Axios,Axios,2026-05-11 07:00:00+00:00
https://news.google.com/rss/articles/CBMifEFVX3lxTE5JVHJjRmRkdkI4a3k3TkhVNkFrSkNLc1BmTTY4M3JCTk1jTVQza3BnU2plMFhCQUtNVXRYZ3dDQm1HUUNXSEM1aXE5NDNxTXJ2bVRQTmFiT0tJOEszdTRxb0xWdHhYWFhjUHRxQVQtQkptZE16ekQyTlRqSDY?oc=5,150 trees cut down at East Potomac Park - Yahoo,Yahoo,2026-09-03 07:00:00+00:00
https://news.google.com/rss/articles/CBMizwFBVV95cUxQVXJiT0dJa1AwY0tpVmYyOUhLRnJuSGJxM2NUbU1YeDlGb1laV3FPUlc1enFObFVZR1FhOVZyLWVNVUVscmJvRkl5YXhXeVlyVlBVeURfN2ctai1FcDljWFREYVFtcnFiNmMzcVMyY3RtcHByQ1Rfb0NIa3M1OXZuOGViem1ndmpSV2FDYjdpV3hhaVRIWjd1ZWc1Zld2WDkyQ09nMU9rd1BsQVU0SnRmNkNfRzI4dkxCR1ZQUXczTVZ5V3NIY2RNdURVZHZOTnM?oc=5,"Bikers, runners concerned about East Potomac Park's trail amid Trump's golf course plans - WJLA",WJLA,2026-07-20 07:00:00+00:00
https://news.google.com/rss/articles/CBMirgFBVV95cUxPSm1tQ2Vib2U0ZjdPakZ2ekZ0dXdpTklGeTBneHU1dGtpTi1ycEFUY0xMXzlZcUNoYjFJWnBOUW5wbVhzZnhFQXdCaFVIdmtweGc0eFBtRFlaby1va2sySF9iZUllODM0NGJ4dVZvaUFUUGlfTkRnakhGUDc3MHdORUVweFUzeUxCV1Z6SFotejhLbzN4OUlRQ1ZLd3lGcHZzSHlWRi1jNnE3c3N1bEHSAbMBQVVfeXFMUGl1UTN4aWtWRnZBX1FZcTllWWpiNTJPY3RiQ29EZFRUSlVlRG5mVzdpNy14aVpGT0ZOZS1jOFBwb2c4NFJqakxnX0JLMmNlOXhrenVEc2RXSjA4R1BTeUxzeUNkclo2X2JrVFY5dXhsbkVhNUdMWHJYbmFhT0JEWlY4Q0tIcW5PZnZCTkFPUWtvRFE0QTlYSEl1RkNXS1MtT3Fjbl9waXFEbDJSOGJSVTFBWjg?oc=5,5 people rescued after boat fire at Hains Point in DC - DC News Now,DC News Now,2026-06-17 07:00:00+00:00
https://news.google.com/rss/articles/CBMijAFBVV95cUxOb19TZUpuNDA2eEptb1MwNlFOb2xSVGMtbFhEQWl1T0Jjcnc5ZWtJM2VzU29LLVdMRmxQeGVCaHZUUDFCY19wVEVMT0tkb05XT3R3bVVmQ05oOHhBWklFQjhWbjhmVFhxeG9MdnlXVFpPZi1FTUJYeW5ydGE5ek9aVE4yNDBjd0hJeEtkQtIBkgFBVV95cUxPRXY2YlJCUDhjSWhlcDdmRFltYjc2b0RUeXdwSkFGb1J0dVhveW5hVXBIc0lySlE1b1AzMWh0OF9IQWtWSFFsSlpveVYzRnFidlR3Y3ZLbTh5bXhTVW9xUjk5NUwzZnNYcERNTlRQNE1OUThjeVNzTHRwT0Nnb2tHd3dxRTlHWENXZ0UyaVFOWkU2QQ?oc=5,Democrats demand Trump remove East Wing debris ‘recklessly’ dumped at East Potomac Park - The Hill,The Hill,2026-06-26 07:00:00+00:00
https://news.google.com/rss/articles/CBMilAFBVV95cUxOSlBuUGhwT0g0V1FpZVl5YTNtcUFCUEp5Vm1qWE1oNTI5Y3AyY2h1djFBZXNHVE5na3BkdG5uMDBxcDdiWHRqeUNRbU5XMjhiVUpwSXIwZS1lS3FvbDQ0Z1V6Q09GN2Y2VTZIaTlxRHBQQkVNU0JCRXBlbllWbkowa0xwUjNlLW5YRVJCV3NfVXNBeWsx?oc=5,"Hundreds of cyclists, runners, and birders protest Trump redevelopment of East Potomac Park - Yahoo",Yahoo,2026-08-29 07:00:00+00:00
https://news.google.com/rss/articles/CBMivwFBVV95cUxNNy1hNDhFbHgwcV9BbXl6ZTJmXy0zeEJPUXF5REVuQWYwOHRwdVFBcmlJRU9TYlJfa2hTck16SVlENjdWOFpNSGxGV1hEZFZPWlFXeHdYblJreDJrZjZrUkFmMmVfRFNHSGtSMmxZQ1B1a0pVN0M4VWFIckFLeVR6TlFrV21xaUZoRzRfS3NHVmg1cmFLLTFFV1U1M1NlTTB6M3NOdENCeHZOS3U2V3FUT1hmNnhYNzFQNVkyUTJwSQ?oc=5,East Potomac Park Golf Course - Dayton Daily News,Dayton Daily News,2026-09-01 20:57:12+00:00
https://news.google.com/rss/articles/CBMisgNBVV95cUxPVVhhaEV6LXFlVEtQU0U5MDhQRFRIR1VzbHBqeFdRRE9Zal9neDVxTm1taGRzaHdfLUZnWGh6LU93Z2Fnc3FnY0lOZ3BfUUZNLTlIamd6NnpHeHRyTVF1b19NRmZpYTdQSlFDcHVzQ2NtaFBsT1lMcTRIY2p4cE5wQTdxeW1xc2IwQjd2LU1NSXNrdnFmMVVEWGFSeUNYbzc4a203OHR2QjV5WmpuNWl4M3VuSUx6b29iY0p1S2xfWG1vWFJYcDFxYnZzMnllRk5oZTAzY1lpc29MVXh1Qk93MmFmMmJzajlqT01IaVU1dHMtaHJQdW5IU05jT2U3QVpEYUJHVDc0aTY3Q1R0TnVGZDhKeDZSdFlmcUNKSWhlU3NOeHdCeUNQZUhKcXhsamlKeXNIZFBhZ2tTUXcxVUd0bHlfbHRNRG82T0oyOU1FcTZDcmNHNTRRYU4wOVVjVGIxNWxZLW5IV1hjdXlWRFN3Y0FNNDNKbC1ZNHVPYmJ3dzVURll0Q1VtVkg3Y2VjU2t6Sk9NYmhMalplR19fOUFpN2tmSWdvdFdkd0VKanZ4Z1RDZw?oc=5,Preservation groups seek emergency court order to stop East Potomac Park overhaul - WJLA,WJLA,2026-05-04 11:05:15+00:00
https://news.google.com/rss/articles/CBMiqgNBVV95cUxONlhxMlJBbVhXVTdkRXhUUmtGWmxXdGExNE5FSEpDbVdWMWl4eU9qZ1N5TEp4NXk1eVRTX1VfXzdCXzVaSTZ5M0szanJueFFtMGctYnBPNmZEOEJMTS10WWlTeEdZbW55LWh4Y2x3MHJmNjdsXzBxNmRPWkVkdXhzaGRGWkpGdWItOEJTSXpUdVkwUlZFd2l5VkFQLTJaZUl1enkxQ25wSnZqZkk3NEtDdDVrdldkM2pOMzhBdWZINmtyYkthRWZPcTdFLUpVTlB3UFNNZzR4VU1CMnhXT1FlV180bnVMZTNMR1k4cjJSbXQ0YWZwa1cxYkhrczIwRjNMeEROd2RGZHRLVm1IRk1FZ0xyNUJtS1NvT1RNR29aREdDbzRlaFBSZkJpUi1VUl9yUzgyMFJ4QUg3dlZwU1prbVlUc3JCM0thNlAtZkNrcWN6OTR1dG9YU2xBcEI5RWNzNE55cjdfUHBYQTgxMldzSkhBZXRicDN6UThPT3BtV0R1Tnh2SEJBbU1HMEJiMXJTMkFBOHI4ZXRPakFoR0plaHI0ZmZ1SDVVMUE?oc=5,Preservation groups seek emergency court order to stop East Potomac Park overhaul - WJLA,WJLA,2026-05-03 23:05:14+00:00
https://news.google.com/rss/articles/CBMi0gFBVV95cUxQc0Mwbm5CSno0U2I1a1VCYTlJcEViSnk4TVNfQW9MU21oamh1cld0SzI3dFNOMWctN2ZVUEdidEZVRTJfSnVNQUROSmZtY0poYWs0dWJxcHpELVVMMmZlS0h4Q0F1VjRZS0s5eU9PMFlnaVAwdUdWYzd0amtKLUo0dzM1aFhYcTJwZU9LRk5LYzd0YmQyX3pLZHlyOTVMcndoU05LVjZIRU45Smw3TjVyVGU0Z05aWHliVWRfck9kVTYwbTBlTG5kTUlIbGtydHlvdVHSAdcBQVVfeXFMTTR0WXVyVWFadVM2cHU1bG52cVkxSlFFRW5qbDRUV19MWWFuNTZpYXY4QUt5amhQaGJaLUVweFZpZ0ZuVFo3UFFQSExTTTIycVo5N1BaUG50Vmt3TEM2V0x4c1BBQUgzVWNrVlFESVlIQ0FrYTQ0M012WGtzcDdnNDNYT3dKNkFCNFo0THhfQmxjcmFSeHJOS2o0S1cwaUc5OEh2emttNHVkVEhrMXFWTHJZUGZWZlZyakF0NTBRU0lTc3NybWxhMGlmdUJwenk3SmgyNEZPMTQ?oc=5,Trump golf plan sparks fears for affordable access at East Potomac Park - India Today,India Today,2026-09-05 07:00:00+00:00
https://news.google.com/rss/articles/CBMimAFBVV95cUxQd3R6RlctbWREUVpFTlY4VGRhb0VnN2s0aXhDQ05DSllLZHBpUFRyZ1FsNHFpOVQxX0tXR2dwZ1lnZEQ3S3NwdDVWZ1BIUmlibnFVOUJuNFp2Zmx3SmlGZ29Gc2kxcjJGX3UzNWg2My1XaDN0LWlNOWloeWlFdndGbGJrdUk0ZGpTWTEtekN4alQ2ZzlvOWQ3WQ?oc=5,HILL: East Potomac Golf Course at Hains Point and Trump - The North State Journal,The North State Journal,2026-02-19 08:00:00+00:00
https://news.google.com/rss/articles/CBMigAFBVV95cUxOV3pRamh3d2VveUpLZGRtQ3V6dGViZHhWQTUtdFNKblBTbWlubUdlUWFudlRfWWNmWDc1TGNiTWx1Tzd0N2dKMGgtVDl6WlJ3eHB1bVJYbUZzbHhvNk16OUoxM0FhRVZOQUs1WHNlblpLRlB5M3ZuUFltQmgzNWNHMg?oc=5,East Potomac Park Renovations “just mind boggling” - popville.com,popville.com,2026-05-04 07:00:00+00:00
https://news.google.com/rss/articles/CBMijwFBVV95cUxQaVREN29sWDYwR3RvdFZUOS1FemZoa2dhaUo0UnB0ZENjb1BHS0dncUJfd2tsbG5CVEVUZ043dWlvaXBNcFV5U0tYdFR0bGdkOVdBekRKc0VOZzBnX3JkcDJiQ3pGWUR1dVE3LVN6UjBqYzNxOGpMOXVITGh0c2Y3VUJNX25xbGJ6OUNxWTBZYw?oc=5,DC Preservation League sues Trump over East Potomac Golf Course proposal - The Architect’s Newspaper,The Architect’s Newspaper,2026-02-16 08:00:00+00:00
https://news.google.com/rss/articles/CBMirwNBVV95cUxQanNPMXZpRTktajBZZmh3LTZfVmVQeUFLTW1LdXhaX3FaTmdHMFBkdGotaFh2aUhURklyYW1NYllaM25wdWdJTGw5ZW5iMl8yekt3T0I1azdOX2FoYm9vSF85ZzVTbTdYTlktbkt2QlEwUkd5dnZDMU51VjlTREVYVHlVOGtkWEVSM0loWlBORlFZR2UyX0NJWjRGSGxMdUlmS2xyZnFfdW1DYUEwZmsyOGRFdWc1SFB2WnVrZzhSLXg5LXVEc3k4SW5GdUdjOHBZU09sd0NKMENNRHhhYWdYUlV3QnFwbU90NTBDR05RLTRETVV2X1lVVTNVMG41cm9MSWgxUHA1WHdXUHRUM0Q0Z2pYRUpCdWpEUUNYXzRtT3dXcVcwX2VKdXI1V3p3N08wZWZoTGtwdGlkMGo4WkFNV2FfbVd2SzNRVHJCRTVlUWo5NHMwZGZWanI2OXFaMkpNS0I2bFpNeUFJeVB6Y0hEcHBPM1JYZmpyVzhyV1c3dzR0THd5MkI4eWZldUZoNUY2RXc2b25pdjdScFpXSl9fSG9fWFNsX3BMQVdTRFNZcw?oc=5,Preservation groups seek emergency court order to stop East Potomac Park overhaul - WJLA,WJLA,2026-05-04 20:09:30+00:00
https://news.google.com/rss/articles/CBMi0wFBVV95cUxPa3NDM0Ryd1ZSNXFiUHJyXzZPZWV2Ri1zYThVRUpSYzRETnh3SGNaeHludFVzNkx5ZUdMcVNLV0lKMUxQdjhHUVdadm4wQXU1bWhHb2ZUVTQ0Si1hYlg4R0dCeXZMb3NhRjJtYXpyUnZpM2gtNTVTeGdtdUZwYVVWMHliLXNKZXRGblhNNmVvdm54SnpiS2JIN2VhZlZkaENBdlF5RGMzNHVSa0ZTM0ZXZE5UNzBNZTVjd2owU2ZLX3RqNnZiSE1GX0pLZDM2bUx1czNR?oc=5,Dozens of lawmakers pen letter opposing Trump's planned overhaul of East Potomac Golf Links - WUSA9,WUSA9,2026-07-31 07:00:00+00:00
https://news.google.com/rss/articles/CBMifEFVX3lxTE5mbzlFTHpXWk40elJ6OTYtN3prRE9xTktvYk1KYkNFamxKTld6LUEyTmFpby1qUUc3MGFadERFbnFvcFJnN194ZDUtYmVucXVzLUwweUpLM1V5VzRONVExYzhablRBdVA5czJHY3UyNG5SVGNlR0czakJGQ1c?oc=5,5 rescued from boat fire at DC's Hains Point - Yahoo,Yahoo,2026-06-18 07:00:00+00:00
https://news.google.com/rss/articles/CBMivwFBVV95cUxPbWQ4dzZ2a3FvSTVWM2JfQWt6TmwyMmFIYTRMeXlCclFNT1ZIZzhxZUtYZjRaREdwZHFSU1N4a2hHYUg5aG1YMmY3eVk0bl9pWEVYT09DMHBoa2Jsc01NTHYyaG56YXFsOEZlX2VhSnJCcVZvb3pLUC1BRGJ1aTNMWWIxNGpnYmg4TVBEa3dpOG5SZHU4eGVSck9BamEzZnVkS3lIWTdqV3BwSTg0SVF5dWhtVnBjcWkyQk5EaHdMVQ?oc=5,"WASHINGTON — A pack of cyclists whisked by along the circuit at East Potomac Park while the golf course parking lot filled with luxury SUVs parked next to older, inexpensive economy cars, all with the Washington Monument in the background. - LinkedIn",LinkedIn,2026-09-05 07:00:00+00:00
https://news.google.com/rss/articles/CBMirAFBVV95cUxQYTN6Tm14MVJzWFJlMy0yRkFBZXlnN2J4Q29YNGRvYjFDVklvMXREbEtHRUpsbllHdDFpdGIzVXZfeTN4bGF2QkpUZm9jZjlhNnNuajVOVzFCcVR0b1lZSVk4R0VfNDRYaE9xSzZNcTN3dm5CQ0ZNY2RhbmRrWXl6YnA1WUJldDB0WFJFREpyTTUzOGVubzQ4Qm9hZFI2V3VMNXN0LW1fOVczMzND0gG0AUFVX3lxTE5sQkxXZW5ldXJfRHJ3Y2ZsaG5tb2NCaVVVT0xkZ0RZYXhkVDQxU0J3UlBHNVVUcGpPSXRtNF9iTDY4RDZBSnZ5eE9mVktKekVUT096R1NoVHY1SFdfNXNSbk5VR2h5X19Hb0F1b1dKS1JLRGpQQW5oYTlqRjctWUROQnNpS3FwZjVGdkFCYWt3ZUtpVWFDTThFNERBYmpfMFJaTVFSQlhPWkplVTJqaW0xbVJiaw?oc=5,"East Wing debris dumped at East Potomac Golf Course has toxic metals, NPS says - NBC4 Washington",NBC4 Washington,2026-05-05 07:00:00+00:00
https://news.google.com/rss/articles/CBMihAJBVV95cUxOS1lsS3VXR0ZUVGVXaU90TG5lVFpaZjJ3SEtrZk95eDFsZkljZUhJbnRRcEZtV3U4MnZNMEUtRnV0MDZsbERiRC1SYXNsWjdOamR3c256bUhWMTlJRzFja3VhVDd2QVpKYTZ1eWJwTlJCQXRSTnZUdzBXeVlQM19JVFVQMWp6VElSYUpMZlVwTFN2al9FSFhWWFZUUXRNa0Q4ZlRZY2ZBM2hTckwwdmJ2bTFpM2pYckFyeWJjVFJpWjFQWnQwOWFRZzRBNFVIRGwwZ1NNM3VCcmhXZEhZTVduZk56YmNDRm9KSm9MbWhtNWNqdGtiamZ5SlZXaVZDVWVFblA3VNIBigJBVV95cUxNRDEyTFA5V0Vib3hadDJ2ODlxSFZ1aFVlRkJYZUllajJFUWcyV09OdS1zLU11WWZtbWxGSHhqaTU4ZTFuelRRQ1hubDlLM2wxT3RDZVlGT2hsMXUwSjNNbGtkSENsYlFGc1kydldUVTBvMDRZbnFodnh6anJGX0NWNU5OMzlJbmtPMllJYzY4d0MycEZmN0ZmVjN4blFXQmR1ak4xeUtGNWxPRUNOOVNFSkk5ZDRaREI0dEhibFVIRHlRb192OUlVcTdsSFpXeU1FUExpdjRLZjk3cVFiVUNtYlMzXzJpV0hyd2o5aVk2SHBZN09QNXpySjY2QlVWWTJMZzE0OGRYWmkxZw?oc=5,How many of DC's Japanese cherry trees did Trump chop down? Inside East Potomac Park golf course overhaul | Hindustan Times - hindustantimes.com,hindustantimes.com,2026-09-02 07:00:00+00:00
https://news.google.com/rss/articles/CBMimgFBVV95cUxNRUZSU1JMcUZvS3B1UDJ2bmdBOWVZWlRtZklpcWlBNkprd1hwc0F2YlY1MS1UM3hSd2R6dkJhVXBrMGVxS291V1NIZGZNQlViUVhJQnlhMjV4RXRRVVplLWd0d2EtS3pSLWZvbWxZcFl5QXFXUnVEaWUyMlN5RXNkUW40MDZNYkd1UmxDY05MdjFuMG5OZFZCY2RB?oc=5,"Municipal Golf Updates – The Latest on Langston, Rock Creek Park and East Potomac Park Courses - popville.com",popville.com,2026-05-11 07:00:00+00:00
https://news.google.com/rss/articles/CBMiXEFVX3lxTE9lVWJSMU5VeGIwUEN5b2hIMG9Yai1OaENqLXUyNHBKTWxEV2UwN19MQnJQemxVM0ZFRWxMNlNTWmtOWVlfMUI4bEdHZmMtWlBpWkgxVEk3SXVuTmVU0gFcQVVfeXFMT2VVYlIxTlV4YjBQQ3lvaEgwb1hqLU5oQ2otdTI0cEpNbERXZTA3X0xCclB6bFUzRkVFbEw2U1Naa05ZWV8xQjhsR0dmYy1aUGlaSDFUSTdJdW5OZVQ?oc=5,Cyclists protest Trump’s proposed overhaul of East Potomac Park - Modern Ghana,Modern Ghana,2026-08-30 02:35:28+00:00
https://news.google.com/rss/articles/CBMic0FVX3lxTE9XV0tOUENLd1VEX1FHX2lPS2dLRklMT01kQ1NwbUs1SzFJTjVPdFViY1NQNEY2ZWFOWmdGSlZ0UDhhS21Qd3loX3lwMmt3MHhHTk5zSjdnajR1M2VzUjFSbFdYX1pmU0MzZ1RmWE9XdkE2cEE?oc=5,The Trump Administration Has Been Cutting Trees at East Potomac - City Cast DC,City Cast DC,2026-08-28 07:00:00+00:00
